stem	scene	obj	part	instruction_path	positive_path	pos_shape	pos_min	pos_max	instruction_preview	instruction_len
0b5a946368b49b87460c5b6ce1f69c2f93cb236f3f8f572a094de58634d1d9ed_1_1	0b5a946368b49b87460c5b6ce1f69c2f93cb236f3f8f572a094de58634d1d9ed	1	1	/mnt/data/grasp-anything-lgd/data/processed/grasp-anything-pp/grasp_instructions/grasp_instructions/0b5a946368b49b87460c5b6ce1f69c2f93cb236f3f8f572a094de58634d1d9ed_1_1.pkl	/mnt/data/grasp-anything-lgd/data/processed/grasp-anything-pp/grasp_label_positive/grasp_label_positive/0b5a946368b49b87460c5b6ce1f69c2f93cb236f3f8f572a094de58634d1d9ed_1_1.pt	7x6	0.053264	228.275131	Take hold of eraser on its shape.	33
a506cad7ce65697913b2b2271960bc4d8811881fc3bcba3ca64e9fb23b48ad4b_0_1	a506cad7ce65697913b2b2271960bc4d8811881fc3bcba3ca64e9fb23b48ad4b	0	1	/mnt/data/grasp-anything-lgd/data/processed/grasp-anything-pp/grasp_instructions/grasp_instructions/a506cad7ce65697913b2b2271960bc4d8811881fc3bcba3ca64e9fb23b48ad4b_0_1.pkl	/mnt/data/grasp-anything-lgd/data/processed/grasp-anything-pp/grasp_label_positive/grasp_label_positive/a506cad7ce65697913b2b2271960bc4d8811881fc3bcba3ca64e9fb23b48ad4b_0_1.pt	1x6	0.021777	292.361694	Take stapler by its metal clasp.	32
8b4af2b94cba751346f2bfa654643b88bd190648ed413bbe4aeaeb41b519bfdb_1_1	8b4af2b94cba751346f2bfa654643b88bd190648ed413bbe4aeaeb41b519bfdb	1	1	/mnt/data/grasp-anything-lgd/data/processed/grasp-anything-pp/grasp_instructions/grasp_instructions/8b4af2b94cba751346f2bfa654643b88bd190648ed413bbe4aeaeb41b519bfdb_1_1.pkl	/mnt/data/grasp-anything-lgd/data/processed/grasp-anything-pp/grasp_label_positive/grasp_label_positive/8b4af2b94cba751346f2bfa654643b88bd190648ed413bbe4aeaeb41b519bfdb_1_1.pt	17x6	0.032329	385.61377	Grip pencil on its lead.	24
e7326f8d14bde257f9aa49e89a9a6770c3bf5d9ba6da6ee1ee4de18358d3f5ac_1_2	e7326f8d14bde257f9aa49e89a9a6770c3bf5d9ba6da6ee1ee4de18358d3f5ac	1	2	/mnt/data/grasp-anything-lgd/data/processed/grasp-anything-pp/grasp_instructions/grasp_instructions/e7326f8d14bde257f9aa49e89a9a6770c3bf5d9ba6da6ee1ee4de18358d3f5ac_1_2.pkl	/mnt/data/grasp-anything-lgd/data/processed/grasp-anything-pp/grasp_label_positive/grasp_label_positive/e7326f8d14bde257f9aa49e89a9a6770c3bf5d9ba6da6ee1ee4de18358d3f5ac_1_2.pt	2x6	0.056152	166.513611	Fetch apple by its seeds.	25
57d8b0ce36f98a2a47c8f660ff39617bd4bf005193a36e4fefe0b8fcf8c62d12_1_2	57d8b0ce36f98a2a47c8f660ff39617bd4bf005193a36e4fefe0b8fcf8c62d12	1	2	/mnt/data/grasp-anything-lgd/data/processed/grasp-anything-pp/grasp_instructions/grasp_instructions/57d8b0ce36f98a2a47c8f660ff39617bd4bf005193a36e4fefe0b8fcf8c62d12_1_2.pkl	/mnt/data/grasp-anything-lgd/data/processed/grasp-anything-pp/grasp_label_positive/grasp_label_positive/57d8b0ce36f98a2a47c8f660ff39617bd4bf005193a36e4fefe0b8fcf8c62d12_1_2.pt	16x6	0.01597	225.387421	Take hold of soldier on its pose.	33
30be9fc8c4e7516b9cb89f7f32bc229741d008a476eb3df39c8f23e1a971a397_1_0	30be9fc8c4e7516b9cb89f7f32bc229741d008a476eb3df39c8f23e1a971a397	1	0	/mnt/data/grasp-anything-lgd/data/processed/grasp-anything-pp/grasp_instructions/grasp_instructions/30be9fc8c4e7516b9cb89f7f32bc229741d008a476eb3df39c8f23e1a971a397_1_0.pkl	/mnt/data/grasp-anything-lgd/data/processed/grasp-anything-pp/grasp_label_positive/grasp_label_positive/30be9fc8c4e7516b9cb89f7f32bc229741d008a476eb3df39c8f23e1a971a397_1_0.pt	4x6	0.110058	294.068756	Take paperclip by its metal or plastic.	39
562719c111d6dcdf3d45c8e34931a31edce7b958c50760483371887ed5ca00e1_0_2	562719c111d6dcdf3d45c8e34931a31edce7b958c50760483371887ed5ca00e1	0	2	/mnt/data/grasp-anything-lgd/data/processed/grasp-anything-pp/grasp_instructions/grasp_instructions/562719c111d6dcdf3d45c8e34931a31edce7b958c50760483371887ed5ca00e1_0_2.pkl	/mnt/data/grasp-anything-lgd/data/processed/grasp-anything-pp/grasp_label_positive/grasp_label_positive/562719c111d6dcdf3d45c8e34931a31edce7b958c50760483371887ed5ca00e1_0_2.pt	2x6	0.012932	326.566528	Lift stapler by its base.	25
bad6ad0cd6a742879d1623cde770f4250b44527dd2003cd9570bc2ee7f806de4_0_1	bad6ad0cd6a742879d1623cde770f4250b44527dd2003cd9570bc2ee7f806de4	0	1	/mnt/data/grasp-anything-lgd/data/processed/grasp-anything-pp/grasp_instructions/grasp_instructions/bad6ad0cd6a742879d1623cde770f4250b44527dd2003cd9570bc2ee7f806de4_0_1.pkl	/mnt/data/grasp-anything-lgd/data/processed/grasp-anything-pp/grasp_label_positive/grasp_label_positive/bad6ad0cd6a742879d1623cde770f4250b44527dd2003cd9570bc2ee7f806de4_0_1.pt	5x6	0.067473	354.984894	Take hold of pen on its ink or lead.	36
9d00d35d63a834a6d266ca00b61972a07ce526a1132a1994bd9b9d63ea0eed2d_0_2	9d00d35d63a834a6d266ca00b61972a07ce526a1132a1994bd9b9d63ea0eed2d	0	2	/mnt/data/grasp-anything-lgd/data/processed/grasp-anything-pp/grasp_instructions/grasp_instructions/9d00d35d63a834a6d266ca00b61972a07ce526a1132a1994bd9b9d63ea0eed2d_0_2.pkl	/mnt/data/grasp-anything-lgd/data/processed/grasp-anything-pp/grasp_label_positive/grasp_label_positive/9d00d35d63a834a6d266ca00b61972a07ce526a1132a1994bd9b9d63ea0eed2d_0_2.pt	11x6	0.055413	361.562225	Fetch key by its ring.	22
1740d9dfd076bd3ecf6a0e66dc9537f0246d7eb46de468cd33070e17da9abe30_0_2	1740d9dfd076bd3ecf6a0e66dc9537f0246d7eb46de468cd33070e17da9abe30	0	2	/mnt/data/grasp-anything-lgd/data/processed/grasp-anything-pp/grasp_instructions/grasp_instructions/1740d9dfd076bd3ecf6a0e66dc9537f0246d7eb46de468cd33070e17da9abe30_0_2.pkl	/mnt/data/grasp-anything-lgd/data/processed/grasp-anything-pp/grasp_label_positive/grasp_label_positive/1740d9dfd076bd3ecf6a0e66dc9537f0246d7eb46de468cd33070e17da9abe30_0_2.pt	13x6	0.028709	326.183289	Take pen by its cap.	20
56e1c28147aa1dff2cc606a1b6c0280b3ee6786abb1335edfb551c997b474122_0_0	56e1c28147aa1dff2cc606a1b6c0280b3ee6786abb1335edfb551c997b474122	0	0	/mnt/data/grasp-anything-lgd/data/processed/grasp-anything-pp/grasp_instructions/grasp_instructions/56e1c28147aa1dff2cc606a1b6c0280b3ee6786abb1335edfb551c997b474122_0_0.pkl	/mnt/data/grasp-anything-lgd/data/processed/grasp-anything-pp/grasp_label_positive/grasp_label_positive/56e1c28147aa1dff2cc606a1b6c0280b3ee6786abb1335edfb551c997b474122_0_0.pt	4x6	0.025831	259.594879	Fetch marker by its body.	25
702af332221c3fbbf7dbdb809dc5ea916447df51cadd3186bc5fc2b6f50873d6_1_2	702af332221c3fbbf7dbdb809dc5ea916447df51cadd3186bc5fc2b6f50873d6	1	2	/mnt/data/grasp-anything-lgd/data/processed/grasp-anything-pp/grasp_instructions/grasp_instructions/702af332221c3fbbf7dbdb809dc5ea916447df51cadd3186bc5fc2b6f50873d6_1_2.pkl	/mnt/data/grasp-anything-lgd/data/processed/grasp-anything-pp/grasp_label_positive/grasp_label_positive/702af332221c3fbbf7dbdb809dc5ea916447df51cadd3186bc5fc2b6f50873d6_1_2.pt	1x6	0.226008	0.987892	Take apple by its seeds.	24
3299e44e57c07d9ab8dd2473d7d86ad4f9f261a80c5765f8998a928d133c5039_1_0	3299e44e57c07d9ab8dd2473d7d86ad4f9f261a80c5765f8998a928d133c5039	1	0	/mnt/data/grasp-anything-lgd/data/processed/grasp-anything-pp/grasp_instructions/grasp_instructions/3299e44e57c07d9ab8dd2473d7d86ad4f9f261a80c5765f8998a928d133c5039_1_0.pkl	/mnt/data/grasp-anything-lgd/data/processed/grasp-anything-pp/grasp_label_positive/grasp_label_positive/3299e44e57c07d9ab8dd2473d7d86ad4f9f261a80c5765f8998a928d133c5039_1_0.pt	6x6	0.009421	372.939728	Take hairbrush by its bristles.	31
12bef568a1bc7c854e744c03af38d721f0359ce3f351ca14f2d6b705cdc757ef_1_2	12bef568a1bc7c854e744c03af38d721f0359ce3f351ca14f2d6b705cdc757ef	1	2	/mnt/data/grasp-anything-lgd/data/processed/grasp-anything-pp/grasp_instructions/grasp_instructions/12bef568a1bc7c854e744c03af38d721f0359ce3f351ca14f2d6b705cdc757ef_1_2.pkl	/mnt/data/grasp-anything-lgd/data/processed/grasp-anything-pp/grasp_label_positive/grasp_label_positive/12bef568a1bc7c854e744c03af38d721f0359ce3f351ca14f2d6b705cdc757ef_1_2.pt	1x6	0.071639	168.278427	Lift apple by its seeds.	24
9b3882c4ca99b0be1ee349518b46d7f0d94c7ed7a2486650032bca3089c53431_0_1	9b3882c4ca99b0be1ee349518b46d7f0d94c7ed7a2486650032bca3089c53431	0	1	/mnt/data/grasp-anything-lgd/data/processed/grasp-anything-pp/grasp_instructions/grasp_instructions/9b3882c4ca99b0be1ee349518b46d7f0d94c7ed7a2486650032bca3089c53431_0_1.pkl	/mnt/data/grasp-anything-lgd/data/processed/grasp-anything-pp/grasp_label_positive/grasp_label_positive/9b3882c4ca99b0be1ee349518b46d7f0d94c7ed7a2486650032bca3089c53431_0_1.pt	29x6	0.014332	353.647125	Fetch key by its notches.	25
6c9fe15b41f49a737847af08a9be19aac0f944288dcb444a82efcae098899a5d_0_1	6c9fe15b41f49a737847af08a9be19aac0f944288dcb444a82efcae098899a5d	0	1	/mnt/data/grasp-anything-lgd/data/processed/grasp-anything-pp/grasp_instructions/grasp_instructions/6c9fe15b41f49a737847af08a9be19aac0f944288dcb444a82efcae098899a5d_0_1.pkl	/mnt/data/grasp-anything-lgd/data/processed/grasp-anything-pp/grasp_label_positive/grasp_label_positive/6c9fe15b41f49a737847af08a9be19aac0f944288dcb444a82efcae098899a5d_0_1.pt	3x6	0.030855	365.562469	Grab marker on its tip.	23
c9c6ae71245e3015d6869f7f515004481c19a02bd7d1769d6f408a105be0453c_0_2	c9c6ae71245e3015d6869f7f515004481c19a02bd7d1769d6f408a105be0453c	0	2	/mnt/data/grasp-anything-lgd/data/processed/grasp-anything-pp/grasp_instructions/grasp_instructions/c9c6ae71245e3015d6869f7f515004481c19a02bd7d1769d6f408a105be0453c_0_2.pkl	/mnt/data/grasp-anything-lgd/data/processed/grasp-anything-pp/grasp_label_positive/grasp_label_positive/c9c6ae71245e3015d6869f7f515004481c19a02bd7d1769d6f408a105be0453c_0_2.pt	1x6	0.046937	241.992218	Lift mug by its interior.	25
f1c2b7c5521cf8a4ef805ee08765f1f5bf305e7eb6055934a0dc971143bbd381_0_1	f1c2b7c5521cf8a4ef805ee08765f1f5bf305e7eb6055934a0dc971143bbd381	0	1	/mnt/data/grasp-anything-lgd/data/processed/grasp-anything-pp/grasp_instructions/grasp_instructions/f1c2b7c5521cf8a4ef805ee08765f1f5bf305e7eb6055934a0dc971143bbd381_0_1.pkl	/mnt/data/grasp-anything-lgd/data/processed/grasp-anything-pp/grasp_label_positive/grasp_label_positive/f1c2b7c5521cf8a4ef805ee08765f1f5bf305e7eb6055934a0dc971143bbd381_0_1.pt	5x6	0.009015	338.968536	Pick up mug by its rim.	23
f50a306ed6c005e3143e09623ef7136f23151f896e2cb3f776c968dc87a8f9ba_0_2	f50a306ed6c005e3143e09623ef7136f23151f896e2cb3f776c968dc87a8f9ba	0	2	/mnt/data/grasp-anything-lgd/data/processed/grasp-anything-pp/grasp_instructions/grasp_instructions/f50a306ed6c005e3143e09623ef7136f23151f896e2cb3f776c968dc87a8f9ba_0_2.pkl	/mnt/data/grasp-anything-lgd/data/processed/grasp-anything-pp/grasp_label_positive/grasp_label_positive/f50a306ed6c005e3143e09623ef7136f23151f896e2cb3f776c968dc87a8f9ba_0_2.pt	16x6	0.032883	299.27124	Pick up spoon by its handle.	28
0525d82b8c3bef1733afc57e364b37f9963bf37304a11543cf7f976299966898_1_0	0525d82b8c3bef1733afc57e364b37f9963bf37304a11543cf7f976299966898	1	0	/mnt/data/grasp-anything-lgd/data/processed/grasp-anything-pp/grasp_instructions/grasp_instructions/0525d82b8c3bef1733afc57e364b37f9963bf37304a11543cf7f976299966898_1_0.pkl	/mnt/data/grasp-anything-lgd/data/processed/grasp-anything-pp/grasp_label_positive/grasp_label_positive/0525d82b8c3bef1733afc57e364b37f9963bf37304a11543cf7f976299966898_1_0.pt	2x6	0.021133	361.779083	Pick up scissors by its cutting blades.	39
1bb39543e718c01545cb95be1a4c72c9f6cdf5e240aeb361618f1078059943ca_1_2	1bb39543e718c01545cb95be1a4c72c9f6cdf5e240aeb361618f1078059943ca	1	2	/mnt/data/grasp-anything-lgd/data/processed/grasp-anything-pp/grasp_instructions/grasp_instructions/1bb39543e718c01545cb95be1a4c72c9f6cdf5e240aeb361618f1078059943ca_1_2.pkl	/mnt/data/grasp-anything-lgd/data/processed/grasp-anything-pp/grasp_label_positive/grasp_label_positive/1bb39543e718c01545cb95be1a4c72c9f6cdf5e240aeb361618f1078059943ca_1_2.pt	10x6	0.023874	385.281769	Take highlighter by its cap.	28
38f856668b385c37be898c9aff6e45dbe55c6dab7962db0496f43a6ea765cc7a_1_1	38f856668b385c37be898c9aff6e45dbe55c6dab7962db0496f43a6ea765cc7a	1	1	/mnt/data/grasp-anything-lgd/data/processed/grasp-anything-pp/grasp_instructions/grasp_instructions/38f856668b385c37be898c9aff6e45dbe55c6dab7962db0496f43a6ea765cc7a_1_1.pkl	/mnt/data/grasp-anything-lgd/data/processed/grasp-anything-pp/grasp_label_positive/grasp_label_positive/38f856668b385c37be898c9aff6e45dbe55c6dab7962db0496f43a6ea765cc7a_1_1.pt	3x6	0.018364	328.160278	Hold fork at its handle.	24
43e8b6c051a646896a6724cfc001e34341b92778d26ec33ff2d128dd6db78c05_0_1	43e8b6c051a646896a6724cfc001e34341b92778d26ec33ff2d128dd6db78c05	0	1	/mnt/data/grasp-anything-lgd/data/processed/grasp-anything-pp/grasp_instructions/grasp_instructions/43e8b6c051a646896a6724cfc001e34341b92778d26ec33ff2d128dd6db78c05_0_1.pkl	/mnt/data/grasp-anything-lgd/data/processed/grasp-anything-pp/grasp_label_positive/grasp_label_positive/43e8b6c051a646896a6724cfc001e34341b92778d26ec33ff2d128dd6db78c05_0_1.pt	6x6	0.044745	370.891235	Take hold of pencil on its lead.	32
43e3dc9c6c5ccf1b503b3dc96ce1e231ca8f1314001cbbff8317eceb364b734c_0_1	43e3dc9c6c5ccf1b503b3dc96ce1e231ca8f1314001cbbff8317eceb364b734c	0	1	/mnt/data/grasp-anything-lgd/data/processed/grasp-anything-pp/grasp_instructions/grasp_instructions/43e3dc9c6c5ccf1b503b3dc96ce1e231ca8f1314001cbbff8317eceb364b734c_0_1.pkl	/mnt/data/grasp-anything-lgd/data/processed/grasp-anything-pp/grasp_label_positive/grasp_label_positive/43e3dc9c6c5ccf1b503b3dc96ce1e231ca8f1314001cbbff8317eceb364b734c_0_1.pt	8x6	0.039085	379.674286	Grab spoon on its bowl-shaped.	30
26d40a7af341066e024b24644b6c9dc7c39c263312c1cba4d37471c16d8a63f0_2_1	26d40a7af341066e024b24644b6c9dc7c39c263312c1cba4d37471c16d8a63f0	2	1	/mnt/data/grasp-anything-lgd/data/processed/grasp-anything-pp/grasp_instructions/grasp_instructions/26d40a7af341066e024b24644b6c9dc7c39c263312c1cba4d37471c16d8a63f0_2_1.pkl	/mnt/data/grasp-anything-lgd/data/processed/grasp-anything-pp/grasp_label_positive/grasp_label_positive/26d40a7af341066e024b24644b6c9dc7c39c263312c1cba4d37471c16d8a63f0_2_1.pt	1x6	0.040694	248.879745	Hold highlighter at its bright color.	37
c340fe770034f435e019582b22589a7aadf271c720095c5cdafed57ebcfee393_2_1	c340fe770034f435e019582b22589a7aadf271c720095c5cdafed57ebcfee393	2	1	/mnt/data/grasp-anything-lgd/data/processed/grasp-anything-pp/grasp_instructions/grasp_instructions/c340fe770034f435e019582b22589a7aadf271c720095c5cdafed57ebcfee393_2_1.pkl	/mnt/data/grasp-anything-lgd/data/processed/grasp-anything-pp/grasp_label_positive/grasp_label_positive/c340fe770034f435e019582b22589a7aadf271c720095c5cdafed57ebcfee393_2_1.pt	1x6	0.087026	368.047729	Fetch sharpener by its sharpening mechanism.	44
117278c893aec0922d8f14ad44c1809838995d1374b42cb86827414a3af4d30d_1_2	117278c893aec0922d8f14ad44c1809838995d1374b42cb86827414a3af4d30d	1	2	/mnt/data/grasp-anything-lgd/data/processed/grasp-anything-pp/grasp_instructions/grasp_instructions/117278c893aec0922d8f14ad44c1809838995d1374b42cb86827414a3af4d30d_1_2.pkl	/mnt/data/grasp-anything-lgd/data/processed/grasp-anything-pp/grasp_label_positive/grasp_label_positive/117278c893aec0922d8f14ad44c1809838995d1374b42cb86827414a3af4d30d_1_2.pt	2x6	0.054385	269.038391	Grip tomato on its juicy.	25
b8c94be7c0d92cdeff52f6d9587c9eaf579736d8aedf649e56b2f3674424e04f_1_2	b8c94be7c0d92cdeff52f6d9587c9eaf579736d8aedf649e56b2f3674424e04f	1	2	/mnt/data/grasp-anything-lgd/data/processed/grasp-anything-pp/grasp_instructions/grasp_instructions/b8c94be7c0d92cdeff52f6d9587c9eaf579736d8aedf649e56b2f3674424e04f_1_2.pkl	/mnt/data/grasp-anything-lgd/data/processed/grasp-anything-pp/grasp_label_positive/grasp_label_positive/b8c94be7c0d92cdeff52f6d9587c9eaf579736d8aedf649e56b2f3674424e04f_1_2.pt	1x6	0.012326	365.07132	Fetch note by its information.	30
6a2aaf2ca23182c2b245d446ac7d31096bf7b13f66ea80c8b95dcc3622c83966_1_1	6a2aaf2ca23182c2b245d446ac7d31096bf7b13f66ea80c8b95dcc3622c83966	1	1	/mnt/data/grasp-anything-lgd/data/processed/grasp-anything-pp/grasp_instructions/grasp_instructions/6a2aaf2ca23182c2b245d446ac7d31096bf7b13f66ea80c8b95dcc3622c83966_1_1.pkl	/mnt/data/grasp-anything-lgd/data/processed/grasp-anything-pp/grasp_label_positive/grasp_label_positive/6a2aaf2ca23182c2b245d446ac7d31096bf7b13f66ea80c8b95dcc3622c83966_1_1.pt	19x6	0.010551	357.811768	Pick up eraser by its shape.	28
1f889c607417b5b9752fe71f12043baf3e7c0c5de526901301c1713f28988f5b_1_0	1f889c607417b5b9752fe71f12043baf3e7c0c5de526901301c1713f28988f5b	1	0	/mnt/data/grasp-anything-lgd/data/processed/grasp-anything-pp/grasp_instructions/grasp_instructions/1f889c607417b5b9752fe71f12043baf3e7c0c5de526901301c1713f28988f5b_1_0.pkl	/mnt/data/grasp-anything-lgd/data/processed/grasp-anything-pp/grasp_label_positive/grasp_label_positive/1f889c607417b5b9752fe71f12043baf3e7c0c5de526901301c1713f28988f5b_1_0.pt	6x6	0.020617	338.021973	Hold highlighter at its marker.	31
6f8b78884bd5f89a9d7aa6d5ad49b6ed1bf45378f80547eaf1213785fb904feb_0_2	6f8b78884bd5f89a9d7aa6d5ad49b6ed1bf45378f80547eaf1213785fb904feb	0	2	/mnt/data/grasp-anything-lgd/data/processed/grasp-anything-pp/grasp_instructions/grasp_instructions/6f8b78884bd5f89a9d7aa6d5ad49b6ed1bf45378f80547eaf1213785fb904feb_0_2.pkl	/mnt/data/grasp-anything-lgd/data/processed/grasp-anything-pp/grasp_label_positive/grasp_label_positive/6f8b78884bd5f89a9d7aa6d5ad49b6ed1bf45378f80547eaf1213785fb904feb_0_2.pt	11x6	0.011744	359.614777	Grab keychain on its keys.	26
d0fbb7e42254ab17ecfecaddd0832dcc420a9877ddffb26e51f59844cd6da175_0_0	d0fbb7e42254ab17ecfecaddd0832dcc420a9877ddffb26e51f59844cd6da175	0	0	/mnt/data/grasp-anything-lgd/data/processed/grasp-anything-pp/grasp_instructions/grasp_instructions/d0fbb7e42254ab17ecfecaddd0832dcc420a9877ddffb26e51f59844cd6da175_0_0.pkl	/mnt/data/grasp-anything-lgd/data/processed/grasp-anything-pp/grasp_label_positive/grasp_label_positive/d0fbb7e42254ab17ecfecaddd0832dcc420a9877ddffb26e51f59844cd6da175_0_0.pt	1x6	0.014267	310.856476	Fetch hairbrush by its bristles.	32
a831e751599d3e765f33e643be70cfce8928621859510b947423a341f8b07f6d_0_2	a831e751599d3e765f33e643be70cfce8928621859510b947423a341f8b07f6d	0	2	/mnt/data/grasp-anything-lgd/data/processed/grasp-anything-pp/grasp_instructions/grasp_instructions/a831e751599d3e765f33e643be70cfce8928621859510b947423a341f8b07f6d_0_2.pkl	/mnt/data/grasp-anything-lgd/data/processed/grasp-anything-pp/grasp_label_positive/grasp_label_positive/a831e751599d3e765f33e643be70cfce8928621859510b947423a341f8b07f6d_0_2.pt	19x6	0.01433	354.13031	Fetch pencil by its eraser.	27
aa797eee6e5c2c47985af87aa3afe272987f75725efc9bf718626266b68d6608_0_1	aa797eee6e5c2c47985af87aa3afe272987f75725efc9bf718626266b68d6608	0	1	/mnt/data/grasp-anything-lgd/data/processed/grasp-anything-pp/grasp_instructions/grasp_instructions/aa797eee6e5c2c47985af87aa3afe272987f75725efc9bf718626266b68d6608_0_1.pkl	/mnt/data/grasp-anything-lgd/data/processed/grasp-anything-pp/grasp_label_positive/grasp_label_positive/aa797eee6e5c2c47985af87aa3afe272987f75725efc9bf718626266b68d6608_0_1.pt	3x6	0.032204	294.168549	Grasp hairbrush at its handle.	30
dc3e4b70b50f4ec0c769e1c0ef55838a76eabda13476054c9a6b73fdd945a060_1_2	dc3e4b70b50f4ec0c769e1c0ef55838a76eabda13476054c9a6b73fdd945a060	1	2	/mnt/data/grasp-anything-lgd/data/processed/grasp-anything-pp/grasp_instructions/grasp_instructions/dc3e4b70b50f4ec0c769e1c0ef55838a76eabda13476054c9a6b73fdd945a060_1_2.pkl	/mnt/data/grasp-anything-lgd/data/processed/grasp-anything-pp/grasp_label_positive/grasp_label_positive/dc3e4b70b50f4ec0c769e1c0ef55838a76eabda13476054c9a6b73fdd945a060_1_2.pt	35x6	0.010489	372.311005	Grasp pencil at its eraser.	27
0dfa8308decaf789b462623c6a9e24830ebf740fdf9ec464da21f2f56e9b3dfa_1_2	0dfa8308decaf789b462623c6a9e24830ebf740fdf9ec464da21f2f56e9b3dfa	1	2	/mnt/data/grasp-anything-lgd/data/processed/grasp-anything-pp/grasp_instructions/grasp_instructions/0dfa8308decaf789b462623c6a9e24830ebf740fdf9ec464da21f2f56e9b3dfa_1_2.pkl	/mnt/data/grasp-anything-lgd/data/processed/grasp-anything-pp/grasp_label_positive/grasp_label_positive/0dfa8308decaf789b462623c6a9e24830ebf740fdf9ec464da21f2f56e9b3dfa_1_2.pt	6x6	0.068332	169.582153	Hold pen at its cap.	20
6c5ff7e457fb34d3e491a788e7f39444ef2fba1940219f498b19a9336165eb96_2_0	6c5ff7e457fb34d3e491a788e7f39444ef2fba1940219f498b19a9336165eb96	2	0	/mnt/data/grasp-anything-lgd/data/processed/grasp-anything-pp/grasp_instructions/grasp_instructions/6c5ff7e457fb34d3e491a788e7f39444ef2fba1940219f498b19a9336165eb96_2_0.pkl	/mnt/data/grasp-anything-lgd/data/processed/grasp-anything-pp/grasp_label_positive/grasp_label_positive/6c5ff7e457fb34d3e491a788e7f39444ef2fba1940219f498b19a9336165eb96_2_0.pt	7x6	0.017671	355.894043	Grasp key at its metal or plastic.	34
a756eebc6a4d5b3938da9ce4a033db552bfca3adf8fc96ac088a9976f64abc39_0_2	a756eebc6a4d5b3938da9ce4a033db552bfca3adf8fc96ac088a9976f64abc39	0	2	/mnt/data/grasp-anything-lgd/data/processed/grasp-anything-pp/grasp_instructions/grasp_instructions/a756eebc6a4d5b3938da9ce4a033db552bfca3adf8fc96ac088a9976f64abc39_0_2.pkl	/mnt/data/grasp-anything-lgd/data/processed/grasp-anything-pp/grasp_label_positive/grasp_label_positive/a756eebc6a4d5b3938da9ce4a033db552bfca3adf8fc96ac088a9976f64abc39_0_2.pt	14x6	0.012058	372.96698	Fetch carrot by its top.	24
f273b38440e7509d4ebc4965fa444f8c60b42570dbf507838cdd1cda7259ef90_0_2	f273b38440e7509d4ebc4965fa444f8c60b42570dbf507838cdd1cda7259ef90	0	2	/mnt/data/grasp-anything-lgd/data/processed/grasp-anything-pp/grasp_instructions/grasp_instructions/f273b38440e7509d4ebc4965fa444f8c60b42570dbf507838cdd1cda7259ef90_0_2.pkl	/mnt/data/grasp-anything-lgd/data/processed/grasp-anything-pp/grasp_label_positive/grasp_label_positive/f273b38440e7509d4ebc4965fa444f8c60b42570dbf507838cdd1cda7259ef90_0_2.pt	4x6	0.015432	245.801208	Hold pen at its cap.	20
6d4ba13324194566f10622a8263d0c7deb8fb86f068adfc824858bf5ef93fd6a_1_3	6d4ba13324194566f10622a8263d0c7deb8fb86f068adfc824858bf5ef93fd6a	1	3	/mnt/data/grasp-anything-lgd/data/processed/grasp-anything-pp/grasp_instructions/grasp_instructions/6d4ba13324194566f10622a8263d0c7deb8fb86f068adfc824858bf5ef93fd6a_1_3.pkl	/mnt/data/grasp-anything-lgd/data/processed/grasp-anything-pp/grasp_label_positive/grasp_label_positive/6d4ba13324194566f10622a8263d0c7deb8fb86f068adfc824858bf5ef93fd6a_1_3.pt	1x6	-0.004426	159.031311	Grasp apple at its stem.	24
e111b61e01f8300f1984778c807095f99a4776ee35d3d58612ee086de1dbd5b0_1_2	e111b61e01f8300f1984778c807095f99a4776ee35d3d58612ee086de1dbd5b0	1	2	/mnt/data/grasp-anything-lgd/data/processed/grasp-anything-pp/grasp_instructions/grasp_instructions/e111b61e01f8300f1984778c807095f99a4776ee35d3d58612ee086de1dbd5b0_1_2.pkl	/mnt/data/grasp-anything-lgd/data/processed/grasp-anything-pp/grasp_label_positive/grasp_label_positive/e111b61e01f8300f1984778c807095f99a4776ee35d3d58612ee086de1dbd5b0_1_2.pt	1x6	0.021116	202.405914	Grip wallet on its closure.	27
47ad15b82846470420845826b33c9fe658146ea066eb24d6cdf6c21d4b284290_0_2	47ad15b82846470420845826b33c9fe658146ea066eb24d6cdf6c21d4b284290	0	2	/mnt/data/grasp-anything-lgd/data/processed/grasp-anything-pp/grasp_instructions/grasp_instructions/47ad15b82846470420845826b33c9fe658146ea066eb24d6cdf6c21d4b284290_0_2.pkl	/mnt/data/grasp-anything-lgd/data/processed/grasp-anything-pp/grasp_label_positive/grasp_label_positive/47ad15b82846470420845826b33c9fe658146ea066eb24d6cdf6c21d4b284290_0_2.pt	2x6	0.046621	303.170502	Grasp toy at its function.	26
9a89d72ccbd1aa49a9cd516b3b42c5021488b97735a451b61d55399e411bd6f4_0_1	9a89d72ccbd1aa49a9cd516b3b42c5021488b97735a451b61d55399e411bd6f4	0	1	/mnt/data/grasp-anything-lgd/data/processed/grasp-anything-pp/grasp_instructions/grasp_instructions/9a89d72ccbd1aa49a9cd516b3b42c5021488b97735a451b61d55399e411bd6f4_0_1.pkl	/mnt/data/grasp-anything-lgd/data/processed/grasp-anything-pp/grasp_label_positive/grasp_label_positive/9a89d72ccbd1aa49a9cd516b3b42c5021488b97735a451b61d55399e411bd6f4_0_1.pt	10x6	0.051364	271.723145	Hold duck at its bill.	22
332a1aac4d2a0ccf2bfe94b5f012ba33b5999926acb6260a7e086caa8ff654bf_0_2	332a1aac4d2a0ccf2bfe94b5f012ba33b5999926acb6260a7e086caa8ff654bf	0	2	/mnt/data/grasp-anything-lgd/data/processed/grasp-anything-pp/grasp_instructions/grasp_instructions/332a1aac4d2a0ccf2bfe94b5f012ba33b5999926acb6260a7e086caa8ff654bf_0_2.pkl	/mnt/data/grasp-anything-lgd/data/processed/grasp-anything-pp/grasp_label_positive/grasp_label_positive/332a1aac4d2a0ccf2bfe94b5f012ba33b5999926acb6260a7e086caa8ff654bf_0_2.pt	8x6	0.052287	360.374908	Fetch hairbrush by its grip.	28
315052c433a56e6cd92828935b7221bb0587116c514a547a60377773ec7f4caa_0_0	315052c433a56e6cd92828935b7221bb0587116c514a547a60377773ec7f4caa	0	0	/mnt/data/grasp-anything-lgd/data/processed/grasp-anything-pp/grasp_instructions/grasp_instructions/315052c433a56e6cd92828935b7221bb0587116c514a547a60377773ec7f4caa_0_0.pkl	/mnt/data/grasp-anything-lgd/data/processed/grasp-anything-pp/grasp_label_positive/grasp_label_positive/315052c433a56e6cd92828935b7221bb0587116c514a547a60377773ec7f4caa_0_0.pt	6x6	0.014104	299.272766	Take plant by its leaves.	25
63b17fbe53da3a0643e527da171210b06f9fb676dc77be01e38aa45622491d2e_3_2	63b17fbe53da3a0643e527da171210b06f9fb676dc77be01e38aa45622491d2e	3	2	/mnt/data/grasp-anything-lgd/data/processed/grasp-anything-pp/grasp_instructions/grasp_instructions/63b17fbe53da3a0643e527da171210b06f9fb676dc77be01e38aa45622491d2e_3_2.pkl	/mnt/data/grasp-anything-lgd/data/processed/grasp-anything-pp/grasp_label_positive/grasp_label_positive/63b17fbe53da3a0643e527da171210b06f9fb676dc77be01e38aa45622491d2e_3_2.pt	1x6	0.014075	370.181824	Lift comb by its material.	26
b7d3ec11e45f7670f146d9c842471f88099befb734febb66f6b28031be9df2ff_0_1	b7d3ec11e45f7670f146d9c842471f88099befb734febb66f6b28031be9df2ff	0	1	/mnt/data/grasp-anything-lgd/data/processed/grasp-anything-pp/grasp_instructions/grasp_instructions/b7d3ec11e45f7670f146d9c842471f88099befb734febb66f6b28031be9df2ff_0_1.pkl	/mnt/data/grasp-anything-lgd/data/processed/grasp-anything-pp/grasp_label_positive/grasp_label_positive/b7d3ec11e45f7670f146d9c842471f88099befb734febb66f6b28031be9df2ff_0_1.pt	4x6	0.042692	390.437225	Hold pen at its ink or lead.	28
af9eb072fde5b9a82e16973751aacb9a81b6400b3d00e7f0eb12ad5957cb03f9_0_1	af9eb072fde5b9a82e16973751aacb9a81b6400b3d00e7f0eb12ad5957cb03f9	0	1	/mnt/data/grasp-anything-lgd/data/processed/grasp-anything-pp/grasp_instructions/grasp_instructions/af9eb072fde5b9a82e16973751aacb9a81b6400b3d00e7f0eb12ad5957cb03f9_0_1.pkl	/mnt/data/grasp-anything-lgd/data/processed/grasp-anything-pp/grasp_label_positive/grasp_label_positive/af9eb072fde5b9a82e16973751aacb9a81b6400b3d00e7f0eb12ad5957cb03f9_0_1.pt	6x6	0.072381	369.123108	Fetch pencil by its lead.	25
e038d545ee689c7519a568ce4d7207c54a767a213a0f8884976aa6280e3ac825_0_2	e038d545ee689c7519a568ce4d7207c54a767a213a0f8884976aa6280e3ac825	0	2	/mnt/data/grasp-anything-lgd/data/processed/grasp-anything-pp/grasp_instructions/grasp_instructions/e038d545ee689c7519a568ce4d7207c54a767a213a0f8884976aa6280e3ac825_0_2.pkl	/mnt/data/grasp-anything-lgd/data/processed/grasp-anything-pp/grasp_label_positive/grasp_label_positive/e038d545ee689c7519a568ce4d7207c54a767a213a0f8884976aa6280e3ac825_0_2.pt	15x6	0.01111	369.510803	Grip spoon on its handle.	25
1d0a3ed1cfc05d54c970f494ad52db42dd8a224ec31027fb742acfe0503816c7_0_0	1d0a3ed1cfc05d54c970f494ad52db42dd8a224ec31027fb742acfe0503816c7	0	0	/mnt/data/grasp-anything-lgd/data/processed/grasp-anything-pp/grasp_instructions/grasp_instructions/1d0a3ed1cfc05d54c970f494ad52db42dd8a224ec31027fb742acfe0503816c7_0_0.pkl	/mnt/data/grasp-anything-lgd/data/processed/grasp-anything-pp/grasp_label_positive/grasp_label_positive/1d0a3ed1cfc05d54c970f494ad52db42dd8a224ec31027fb742acfe0503816c7_0_0.pt	13x6	0.016096	292.471954	Grab hairbrush on its bristles.	31
5f8f8a1dbb96a8089ee1e18124614a22d1bab4af4729d1d07a1f5c3ba1d9491d_0_2	5f8f8a1dbb96a8089ee1e18124614a22d1bab4af4729d1d07a1f5c3ba1d9491d	0	2	/mnt/data/grasp-anything-lgd/data/processed/grasp-anything-pp/grasp_instructions/grasp_instructions/5f8f8a1dbb96a8089ee1e18124614a22d1bab4af4729d1d07a1f5c3ba1d9491d_0_2.pkl	/mnt/data/grasp-anything-lgd/data/processed/grasp-anything-pp/grasp_label_positive/grasp_label_positive/5f8f8a1dbb96a8089ee1e18124614a22d1bab4af4729d1d07a1f5c3ba1d9491d_0_2.pt	11x6	0.011736	375.828674	Grab marker on its cap.	23
cef0d2fe02c02e6661308cfee7b25643924aec12f9ca484f1d264a10eb84c4b3_1_3	cef0d2fe02c02e6661308cfee7b25643924aec12f9ca484f1d264a10eb84c4b3	1	3	/mnt/data/grasp-anything-lgd/data/processed/grasp-anything-pp/grasp_instructions/grasp_instructions/cef0d2fe02c02e6661308cfee7b25643924aec12f9ca484f1d264a10eb84c4b3_1_3.pkl	/mnt/data/grasp-anything-lgd/data/processed/grasp-anything-pp/grasp_label_positive/grasp_label_positive/cef0d2fe02c02e6661308cfee7b25643924aec12f9ca484f1d264a10eb84c4b3_1_3.pt	3x6	0.059908	173.297333	Hold apple at its stem.	23
2ffa2f1315d0d19bce252b3711180d2356c124847814bf65f137f5f25ab969d2_1_1	2ffa2f1315d0d19bce252b3711180d2356c124847814bf65f137f5f25ab969d2	1	1	/mnt/data/grasp-anything-lgd/data/processed/grasp-anything-pp/grasp_instructions/grasp_instructions/2ffa2f1315d0d19bce252b3711180d2356c124847814bf65f137f5f25ab969d2_1_1.pkl	/mnt/data/grasp-anything-lgd/data/processed/grasp-anything-pp/grasp_label_positive/grasp_label_positive/2ffa2f1315d0d19bce252b3711180d2356c124847814bf65f137f5f25ab969d2_1_1.pt	5x6	0.044974	212.640747	Grip remote on its buttons.	27
9783f879f504f064e5bf95cc41094e32f4c43f8700cfc4e80bf6f58690e56922_0_2	9783f879f504f064e5bf95cc41094e32f4c43f8700cfc4e80bf6f58690e56922	0	2	/mnt/data/grasp-anything-lgd/data/processed/grasp-anything-pp/grasp_instructions/grasp_instructions/9783f879f504f064e5bf95cc41094e32f4c43f8700cfc4e80bf6f58690e56922_0_2.pkl	/mnt/data/grasp-anything-lgd/data/processed/grasp-anything-pp/grasp_label_positive/grasp_label_positive/9783f879f504f064e5bf95cc41094e32f4c43f8700cfc4e80bf6f58690e56922_0_2.pt	4x6	0.010595	331.843597	Take banana by its peel.	24
2f7801c10356bb14436f4cf97e55361bef01178a81ceb9c21efbbd6d75726d57_1_3	2f7801c10356bb14436f4cf97e55361bef01178a81ceb9c21efbbd6d75726d57	1	3	/mnt/data/grasp-anything-lgd/data/processed/grasp-anything-pp/grasp_instructions/grasp_instructions/2f7801c10356bb14436f4cf97e55361bef01178a81ceb9c21efbbd6d75726d57_1_3.pkl	/mnt/data/grasp-anything-lgd/data/processed/grasp-anything-pp/grasp_label_positive/grasp_label_positive/2f7801c10356bb14436f4cf97e55361bef01178a81ceb9c21efbbd6d75726d57_1_3.pt	1x6	-0.004363	176.145035	Hold apple at its stem.	23
090793cb6c8a50bc1592080a3bf70b4e092bb57457b3b09d25079997bdeeba5c_1_0	090793cb6c8a50bc1592080a3bf70b4e092bb57457b3b09d25079997bdeeba5c	1	0	/mnt/data/grasp-anything-lgd/data/processed/grasp-anything-pp/grasp_instructions/grasp_instructions/090793cb6c8a50bc1592080a3bf70b4e092bb57457b3b09d25079997bdeeba5c_1_0.pkl	/mnt/data/grasp-anything-lgd/data/processed/grasp-anything-pp/grasp_label_positive/grasp_label_positive/090793cb6c8a50bc1592080a3bf70b4e092bb57457b3b09d25079997bdeeba5c_1_0.pt	4x6	0.053648	172.743652	Take hold of apple on its skin.	31
c90c822fa2b2ddc708ea9495e6428d0af57dc596ed81322b7e58d3a3eff382d7_2_2	c90c822fa2b2ddc708ea9495e6428d0af57dc596ed81322b7e58d3a3eff382d7	2	2	/mnt/data/grasp-anything-lgd/data/processed/grasp-anything-pp/grasp_instructions/grasp_instructions/c90c822fa2b2ddc708ea9495e6428d0af57dc596ed81322b7e58d3a3eff382d7_2_2.pkl	/mnt/data/grasp-anything-lgd/data/processed/grasp-anything-pp/grasp_label_positive/grasp_label_positive/c90c822fa2b2ddc708ea9495e6428d0af57dc596ed81322b7e58d3a3eff382d7_2_2.pt	5x6	0.026729	275.704041	Hold key at its ring.	21
ecc2df93658f4075be9667be0bef682070400f4703d5c4a7036103ca3fbc758f_2_2	ecc2df93658f4075be9667be0bef682070400f4703d5c4a7036103ca3fbc758f	2	2	/mnt/data/grasp-anything-lgd/data/processed/grasp-anything-pp/grasp_instructions/grasp_instructions/ecc2df93658f4075be9667be0bef682070400f4703d5c4a7036103ca3fbc758f_2_2.pkl	/mnt/data/grasp-anything-lgd/data/processed/grasp-anything-pp/grasp_label_positive/grasp_label_positive/ecc2df93658f4075be9667be0bef682070400f4703d5c4a7036103ca3fbc758f_2_2.pt	1x6	0.047854	209.835999	Hold pencil at its eraser.	26
7f8bf69d948274328fb1301dc5b4a65e2b66c583341738d7085674ef7be3980a_1_3	7f8bf69d948274328fb1301dc5b4a65e2b66c583341738d7085674ef7be3980a	1	3	/mnt/data/grasp-anything-lgd/data/processed/grasp-anything-pp/grasp_instructions/grasp_instructions/7f8bf69d948274328fb1301dc5b4a65e2b66c583341738d7085674ef7be3980a_1_3.pkl	/mnt/data/grasp-anything-lgd/data/processed/grasp-anything-pp/grasp_label_positive/grasp_label_positive/7f8bf69d948274328fb1301dc5b4a65e2b66c583341738d7085674ef7be3980a_1_3.pt	4x6	0.127723	174.413223	Grip apple on its stem.	23
51db1e1dd59f60e15187a5da09fae6bcf3f11deeab64cc8fca3f9dda471c6c21_0_0	51db1e1dd59f60e15187a5da09fae6bcf3f11deeab64cc8fca3f9dda471c6c21	0	0	/mnt/data/grasp-anything-lgd/data/processed/grasp-anything-pp/grasp_instructions/grasp_instructions/51db1e1dd59f60e15187a5da09fae6bcf3f11deeab64cc8fca3f9dda471c6c21_0_0.pkl	/mnt/data/grasp-anything-lgd/data/processed/grasp-anything-pp/grasp_label_positive/grasp_label_positive/51db1e1dd59f60e15187a5da09fae6bcf3f11deeab64cc8fca3f9dda471c6c21_0_0.pt	24x6	0.016416	332.169281	Grip pen on its barrel.	23
32f4f8fec2d2bb6b4e871ff7804f95cb372457b02e319fd626fc27af2e94a486_0_2	32f4f8fec2d2bb6b4e871ff7804f95cb372457b02e319fd626fc27af2e94a486	0	2	/mnt/data/grasp-anything-lgd/data/processed/grasp-anything-pp/grasp_instructions/grasp_instructions/32f4f8fec2d2bb6b4e871ff7804f95cb372457b02e319fd626fc27af2e94a486_0_2.pkl	/mnt/data/grasp-anything-lgd/data/processed/grasp-anything-pp/grasp_label_positive/grasp_label_positive/32f4f8fec2d2bb6b4e871ff7804f95cb372457b02e319fd626fc27af2e94a486_0_2.pt	3x6	0.06991	344.81662	Fetch pen by its cap.	21
21ce3be171d9b3752091e6e5f87417204a3395c86de37bcac41c5515a276c6f6_1_3	21ce3be171d9b3752091e6e5f87417204a3395c86de37bcac41c5515a276c6f6	1	3	/mnt/data/grasp-anything-lgd/data/processed/grasp-anything-pp/grasp_instructions/grasp_instructions/21ce3be171d9b3752091e6e5f87417204a3395c86de37bcac41c5515a276c6f6_1_3.pkl	/mnt/data/grasp-anything-lgd/data/processed/grasp-anything-pp/grasp_label_positive/grasp_label_positive/21ce3be171d9b3752091e6e5f87417204a3395c86de37bcac41c5515a276c6f6_1_3.pt	1x6	-0.006302	178.043686	Grab apple on its stem.	23
3d69f1b2ef3c06e2a6cb5f9411c547fd448897d739bbe77fa8d7ccdf703e5175_0_2	3d69f1b2ef3c06e2a6cb5f9411c547fd448897d739bbe77fa8d7ccdf703e5175	0	2	/mnt/data/grasp-anything-lgd/data/processed/grasp-anything-pp/grasp_instructions/grasp_instructions/3d69f1b2ef3c06e2a6cb5f9411c547fd448897d739bbe77fa8d7ccdf703e5175_0_2.pkl	/mnt/data/grasp-anything-lgd/data/processed/grasp-anything-pp/grasp_label_positive/grasp_label_positive/3d69f1b2ef3c06e2a6cb5f9411c547fd448897d739bbe77fa8d7ccdf703e5175_0_2.pt	12x6	0.035377	366.860992	Grip spoon on its handle.	25
1b6f231e2e309be57e416fd9f24aaf9f58b7231d3174c322f39793587fff1814_0_0	1b6f231e2e309be57e416fd9f24aaf9f58b7231d3174c322f39793587fff1814	0	0	/mnt/data/grasp-anything-lgd/data/processed/grasp-anything-pp/grasp_instructions/grasp_instructions/1b6f231e2e309be57e416fd9f24aaf9f58b7231d3174c322f39793587fff1814_0_0.pkl	/mnt/data/grasp-anything-lgd/data/processed/grasp-anything-pp/grasp_label_positive/grasp_label_positive/1b6f231e2e309be57e416fd9f24aaf9f58b7231d3174c322f39793587fff1814_0_0.pt	2x6	0.018785	370.33316	Lift hairbrush by its bristles.	31
7267167bfaba0d52359360c331c3a66f4cfc4b333427a54e79c3fc8eec31a7db_1_2	7267167bfaba0d52359360c331c3a66f4cfc4b333427a54e79c3fc8eec31a7db	1	2	/mnt/data/grasp-anything-lgd/data/processed/grasp-anything-pp/grasp_instructions/grasp_instructions/7267167bfaba0d52359360c331c3a66f4cfc4b333427a54e79c3fc8eec31a7db_1_2.pkl	/mnt/data/grasp-anything-lgd/data/processed/grasp-anything-pp/grasp_label_positive/grasp_label_positive/7267167bfaba0d52359360c331c3a66f4cfc4b333427a54e79c3fc8eec31a7db_1_2.pt	5x6	0.020557	333.735687	Take pepper by its shaker or container.	39
f032ca3da887a1904592c9e785011107a8b686827c28d69673d02c317770c77e_0_1	f032ca3da887a1904592c9e785011107a8b686827c28d69673d02c317770c77e	0	1	/mnt/data/grasp-anything-lgd/data/processed/grasp-anything-pp/grasp_instructions/grasp_instructions/f032ca3da887a1904592c9e785011107a8b686827c28d69673d02c317770c77e_0_1.pkl	/mnt/data/grasp-anything-lgd/data/processed/grasp-anything-pp/grasp_label_positive/grasp_label_positive/f032ca3da887a1904592c9e785011107a8b686827c28d69673d02c317770c77e_0_1.pt	8x6	0.041203	185.547089	Grip spoon on its bowl-shaped.	30
e0a2c03e229c55adf4463c5708a2fa6afcc1d267f15c915221c6b63dbbf17f09_1_2	e0a2c03e229c55adf4463c5708a2fa6afcc1d267f15c915221c6b63dbbf17f09	1	2	/mnt/data/grasp-anything-lgd/data/processed/grasp-anything-pp/grasp_instructions/grasp_instructions/e0a2c03e229c55adf4463c5708a2fa6afcc1d267f15c915221c6b63dbbf17f09_1_2.pkl	/mnt/data/grasp-anything-lgd/data/processed/grasp-anything-pp/grasp_label_positive/grasp_label_positive/e0a2c03e229c55adf4463c5708a2fa6afcc1d267f15c915221c6b63dbbf17f09_1_2.pt	18x6	0.012116	334.994812	Pick up keychain by its keys.	29
d4bd0df8147bb63a343fdb01d58e98038e31da14bef207c096f5216abad0c434_1_2	d4bd0df8147bb63a343fdb01d58e98038e31da14bef207c096f5216abad0c434	1	2	/mnt/data/grasp-anything-lgd/data/processed/grasp-anything-pp/grasp_instructions/grasp_instructions/d4bd0df8147bb63a343fdb01d58e98038e31da14bef207c096f5216abad0c434_1_2.pkl	/mnt/data/grasp-anything-lgd/data/processed/grasp-anything-pp/grasp_label_positive/grasp_label_positive/d4bd0df8147bb63a343fdb01d58e98038e31da14bef207c096f5216abad0c434_1_2.pt	7x6	0.043581	323.578278	Grip duck on its webbed feet.	29
305d30f93b0ea203b6f825f8fe9fcde3b1021155ffa63b3cfdd735ef3c782427_1_1	305d30f93b0ea203b6f825f8fe9fcde3b1021155ffa63b3cfdd735ef3c782427	1	1	/mnt/data/grasp-anything-lgd/data/processed/grasp-anything-pp/grasp_instructions/grasp_instructions/305d30f93b0ea203b6f825f8fe9fcde3b1021155ffa63b3cfdd735ef3c782427_1_1.pkl	/mnt/data/grasp-anything-lgd/data/processed/grasp-anything-pp/grasp_label_positive/grasp_label_positive/305d30f93b0ea203b6f825f8fe9fcde3b1021155ffa63b3cfdd735ef3c782427_1_1.pt	1x6	0.101406	209.577728	Hold ball at its material.	26
b7144b11429968bc16f2e2482de6c9e75927643e186ec70ad6f95c88315341b8_0_2	b7144b11429968bc16f2e2482de6c9e75927643e186ec70ad6f95c88315341b8	0	2	/mnt/data/grasp-anything-lgd/data/processed/grasp-anything-pp/grasp_instructions/grasp_instructions/b7144b11429968bc16f2e2482de6c9e75927643e186ec70ad6f95c88315341b8_0_2.pkl	/mnt/data/grasp-anything-lgd/data/processed/grasp-anything-pp/grasp_label_positive/grasp_label_positive/b7144b11429968bc16f2e2482de6c9e75927643e186ec70ad6f95c88315341b8_0_2.pt	7x6	0.018992	230.586761	Grab phone on its camera.	25
89bc86e373d0b245eb5d734d823130c828e3c39f59004e2af1b45e2fb6b6bcaf_1_2	89bc86e373d0b245eb5d734d823130c828e3c39f59004e2af1b45e2fb6b6bcaf	1	2	/mnt/data/grasp-anything-lgd/data/processed/grasp-anything-pp/grasp_instructions/grasp_instructions/89bc86e373d0b245eb5d734d823130c828e3c39f59004e2af1b45e2fb6b6bcaf_1_2.pkl	/mnt/data/grasp-anything-lgd/data/processed/grasp-anything-pp/grasp_label_positive/grasp_label_positive/89bc86e373d0b245eb5d734d823130c828e3c39f59004e2af1b45e2fb6b6bcaf_1_2.pt	7x6	0.103195	176.904205	Hold lemon at its seeds.	24
90b091e471a67da7e9a394d94554926d3e6d9c6132faa21310abf50873db928e_1_1	90b091e471a67da7e9a394d94554926d3e6d9c6132faa21310abf50873db928e	1	1	/mnt/data/grasp-anything-lgd/data/processed/grasp-anything-pp/grasp_instructions/grasp_instructions/90b091e471a67da7e9a394d94554926d3e6d9c6132faa21310abf50873db928e_1_1.pkl	/mnt/data/grasp-anything-lgd/data/processed/grasp-anything-pp/grasp_label_positive/grasp_label_positive/90b091e471a67da7e9a394d94554926d3e6d9c6132faa21310abf50873db928e_1_1.pt	10x6	0.009859	385.298737	Take fork by its handle.	24
848196533f96fdc2ff96ae772dc4e237fa82e4eb129b0e3db189a78ce2b8e413_0_1	848196533f96fdc2ff96ae772dc4e237fa82e4eb129b0e3db189a78ce2b8e413	0	1	/mnt/data/grasp-anything-lgd/data/processed/grasp-anything-pp/grasp_instructions/grasp_instructions/848196533f96fdc2ff96ae772dc4e237fa82e4eb129b0e3db189a78ce2b8e413_0_1.pkl	/mnt/data/grasp-anything-lgd/data/processed/grasp-anything-pp/grasp_label_positive/grasp_label_positive/848196533f96fdc2ff96ae772dc4e237fa82e4eb129b0e3db189a78ce2b8e413_0_1.pt	7x6	0.097877	387.858154	Hold button at its material.	28
33fd5319f1fe6c3d6bbbaf3fca5c4580b978eb57301ec3ad38b1431ca6e8f9dc_1_1	33fd5319f1fe6c3d6bbbaf3fca5c4580b978eb57301ec3ad38b1431ca6e8f9dc	1	1	/mnt/data/grasp-anything-lgd/data/processed/grasp-anything-pp/grasp_instructions/grasp_instructions/33fd5319f1fe6c3d6bbbaf3fca5c4580b978eb57301ec3ad38b1431ca6e8f9dc_1_1.pkl	/mnt/data/grasp-anything-lgd/data/processed/grasp-anything-pp/grasp_label_positive/grasp_label_positive/33fd5319f1fe6c3d6bbbaf3fca5c4580b978eb57301ec3ad38b1431ca6e8f9dc_1_1.pt	8x6	0.011817	289.328613	Hold key at its notches.	24
8b9cd51438406b174a5a98dacb3fd3e0a3dd51b2adae02028f5396f6c05a3193_0_1	8b9cd51438406b174a5a98dacb3fd3e0a3dd51b2adae02028f5396f6c05a3193	0	1	/mnt/data/grasp-anything-lgd/data/processed/grasp-anything-pp/grasp_instructions/grasp_instructions/8b9cd51438406b174a5a98dacb3fd3e0a3dd51b2adae02028f5396f6c05a3193_0_1.pkl	/mnt/data/grasp-anything-lgd/data/processed/grasp-anything-pp/grasp_label_positive/grasp_label_positive/8b9cd51438406b174a5a98dacb3fd3e0a3dd51b2adae02028f5396f6c05a3193_0_1.pt	7x6	0.022533	341.523468	Lift stapler by its metal clasp.	32
b8e222dbff9fcc1280f21e75f193178af7a0d1517c3fcdff36833d66fedbcc11_1_1	b8e222dbff9fcc1280f21e75f193178af7a0d1517c3fcdff36833d66fedbcc11	1	1	/mnt/data/grasp-anything-lgd/data/processed/grasp-anything-pp/grasp_instructions/grasp_instructions/b8e222dbff9fcc1280f21e75f193178af7a0d1517c3fcdff36833d66fedbcc11_1_1.pkl	/mnt/data/grasp-anything-lgd/data/processed/grasp-anything-pp/grasp_label_positive/grasp_label_positive/b8e222dbff9fcc1280f21e75f193178af7a0d1517c3fcdff36833d66fedbcc11_1_1.pt	4x6	0.102759	206.877426	Take hold of pear on its flesh.	31
53a7863df98a26287585a659de721660585f4adda36bc9b074b95b2382242e83_0_1	53a7863df98a26287585a659de721660585f4adda36bc9b074b95b2382242e83	0	1	/mnt/data/grasp-anything-lgd/data/processed/grasp-anything-pp/grasp_instructions/grasp_instructions/53a7863df98a26287585a659de721660585f4adda36bc9b074b95b2382242e83_0_1.pkl	/mnt/data/grasp-anything-lgd/data/processed/grasp-anything-pp/grasp_label_positive/grasp_label_positive/53a7863df98a26287585a659de721660585f4adda36bc9b074b95b2382242e83_0_1.pt	2x6	0.018149	381.860291	Grasp marker at its tip.	24
0f131b2b9d14fdf145e139bcd00ce997a3080b676d8a6ad9adf072ae7e52244c_0_0	0f131b2b9d14fdf145e139bcd00ce997a3080b676d8a6ad9adf072ae7e52244c	0	0	/mnt/data/grasp-anything-lgd/data/processed/grasp-anything-pp/grasp_instructions/grasp_instructions/0f131b2b9d14fdf145e139bcd00ce997a3080b676d8a6ad9adf072ae7e52244c_0_0.pkl	/mnt/data/grasp-anything-lgd/data/processed/grasp-anything-pp/grasp_label_positive/grasp_label_positive/0f131b2b9d14fdf145e139bcd00ce997a3080b676d8a6ad9adf072ae7e52244c_0_0.pt	9x6	0.082252	172.797638	Take hold of lime on its skin.	30
3748e2de2b3d6e91e1aadea296eb2be0ad433ab651c103f7b19f564c40a121d8_0_2	3748e2de2b3d6e91e1aadea296eb2be0ad433ab651c103f7b19f564c40a121d8	0	2	/mnt/data/grasp-anything-lgd/data/processed/grasp-anything-pp/grasp_instructions/grasp_instructions/3748e2de2b3d6e91e1aadea296eb2be0ad433ab651c103f7b19f564c40a121d8_0_2.pkl	/mnt/data/grasp-anything-lgd/data/processed/grasp-anything-pp/grasp_label_positive/grasp_label_positive/3748e2de2b3d6e91e1aadea296eb2be0ad433ab651c103f7b19f564c40a121d8_0_2.pt	6x6	0.059732	268.904663	Grab apple on its seeds.	24
913559d1fb3568f0727d9b4c060a8bf7622da8720e929178ef16cb55cf43656e_0_2	913559d1fb3568f0727d9b4c060a8bf7622da8720e929178ef16cb55cf43656e	0	2	/mnt/data/grasp-anything-lgd/data/processed/grasp-anything-pp/grasp_instructions/grasp_instructions/913559d1fb3568f0727d9b4c060a8bf7622da8720e929178ef16cb55cf43656e_0_2.pkl	/mnt/data/grasp-anything-lgd/data/processed/grasp-anything-pp/grasp_label_positive/grasp_label_positive/913559d1fb3568f0727d9b4c060a8bf7622da8720e929178ef16cb55cf43656e_0_2.pt	6x6	0.141534	207.888199	Grab pencil on its eraser.	26
ef74c730bdc40e03b73ac4dad8b5838e4b82b0aaf32d7719fa9ab2e0cfebb91e_0_0	ef74c730bdc40e03b73ac4dad8b5838e4b82b0aaf32d7719fa9ab2e0cfebb91e	0	0	/mnt/data/grasp-anything-lgd/data/processed/grasp-anything-pp/grasp_instructions/grasp_instructions/ef74c730bdc40e03b73ac4dad8b5838e4b82b0aaf32d7719fa9ab2e0cfebb91e_0_0.pkl	/mnt/data/grasp-anything-lgd/data/processed/grasp-anything-pp/grasp_label_positive/grasp_label_positive/ef74c730bdc40e03b73ac4dad8b5838e4b82b0aaf32d7719fa9ab2e0cfebb91e_0_0.pt	11x6	0.035644	712.592285	Grasp banana at its skin.	25
e4a93976690485dcf63b2c4a30fba858964723f6905227bf1bbbedd96f5b933e_1_2	e4a93976690485dcf63b2c4a30fba858964723f6905227bf1bbbedd96f5b933e	1	2	/mnt/data/grasp-anything-lgd/data/processed/grasp-anything-pp/grasp_instructions/grasp_instructions/e4a93976690485dcf63b2c4a30fba858964723f6905227bf1bbbedd96f5b933e_1_2.pkl	/mnt/data/grasp-anything-lgd/data/processed/grasp-anything-pp/grasp_label_positive/grasp_label_positive/e4a93976690485dcf63b2c4a30fba858964723f6905227bf1bbbedd96f5b933e_1_2.pt	17x6	0.017737	385.717834	Take pencil by its eraser.	26
8bbd8e53ab81eede60e72e5d696ff2daf9ac73fb689949543798d6e3d70f65e0_0_2	8bbd8e53ab81eede60e72e5d696ff2daf9ac73fb689949543798d6e3d70f65e0	0	2	/mnt/data/grasp-anything-lgd/data/processed/grasp-anything-pp/grasp_instructions/grasp_instructions/8bbd8e53ab81eede60e72e5d696ff2daf9ac73fb689949543798d6e3d70f65e0_0_2.pkl	/mnt/data/grasp-anything-lgd/data/processed/grasp-anything-pp/grasp_label_positive/grasp_label_positive/8bbd8e53ab81eede60e72e5d696ff2daf9ac73fb689949543798d6e3d70f65e0_0_2.pt	2x6	0.022293	371.675232	Lift jar by its contents.	25
55d59171fd20daf227363ddb8fefcd4bb2313fcbb67da3efa81a8b18cfd93bd1_0_1	55d59171fd20daf227363ddb8fefcd4bb2313fcbb67da3efa81a8b18cfd93bd1	0	1	/mnt/data/grasp-anything-lgd/data/processed/grasp-anything-pp/grasp_instructions/grasp_instructions/55d59171fd20daf227363ddb8fefcd4bb2313fcbb67da3efa81a8b18cfd93bd1_0_1.pkl	/mnt/data/grasp-anything-lgd/data/processed/grasp-anything-pp/grasp_label_positive/grasp_label_positive/55d59171fd20daf227363ddb8fefcd4bb2313fcbb67da3efa81a8b18cfd93bd1_0_1.pt	7x6	0.035965	257.719513	Grab spoon on its bowl-shaped.	30
2eef38baad24fb869dea12887249a9a4fa1bde25b855b7ff9eec0583c2f58168_1_2	2eef38baad24fb869dea12887249a9a4fa1bde25b855b7ff9eec0583c2f58168	1	2	/mnt/data/grasp-anything-lgd/data/processed/grasp-anything-pp/grasp_instructions/grasp_instructions/2eef38baad24fb869dea12887249a9a4fa1bde25b855b7ff9eec0583c2f58168_1_2.pkl	/mnt/data/grasp-anything-lgd/data/processed/grasp-anything-pp/grasp_label_positive/grasp_label_positive/2eef38baad24fb869dea12887249a9a4fa1bde25b855b7ff9eec0583c2f58168_1_2.pt	2x6	0.015808	300.008301	Grasp keychain at its keys.	27
ddae3b021060a409e4825d1109810d55f6c2cd5504de0aa0caacecf2205e954f_0_2	ddae3b021060a409e4825d1109810d55f6c2cd5504de0aa0caacecf2205e954f	0	2	/mnt/data/grasp-anything-lgd/data/processed/grasp-anything-pp/grasp_instructions/grasp_instructions/ddae3b021060a409e4825d1109810d55f6c2cd5504de0aa0caacecf2205e954f_0_2.pkl	/mnt/data/grasp-anything-lgd/data/processed/grasp-anything-pp/grasp_label_positive/grasp_label_positive/ddae3b021060a409e4825d1109810d55f6c2cd5504de0aa0caacecf2205e954f_0_2.pt	2x6	0.035326	202.8647	Grip marker on its cap.	23
aa96f304058e2e5b2e14f0c543879d0a68d52c0be8d0dc19cd158750bbc4ed80_1_0	aa96f304058e2e5b2e14f0c543879d0a68d52c0be8d0dc19cd158750bbc4ed80	1	0	/mnt/data/grasp-anything-lgd/data/processed/grasp-anything-pp/grasp_instructions/grasp_instructions/aa96f304058e2e5b2e14f0c543879d0a68d52c0be8d0dc19cd158750bbc4ed80_1_0.pkl	/mnt/data/grasp-anything-lgd/data/processed/grasp-anything-pp/grasp_label_positive/grasp_label_positive/aa96f304058e2e5b2e14f0c543879d0a68d52c0be8d0dc19cd158750bbc4ed80_1_0.pt	2x6	0.006954	367.178711	Fetch spoon by its utensil.	27
b82314371d1110e523ef34bc2fec7650a40796d7377d45601dbbec55e6902b70_1_2	b82314371d1110e523ef34bc2fec7650a40796d7377d45601dbbec55e6902b70	1	2	/mnt/data/grasp-anything-lgd/data/processed/grasp-anything-pp/grasp_instructions/grasp_instructions/b82314371d1110e523ef34bc2fec7650a40796d7377d45601dbbec55e6902b70_1_2.pkl	/mnt/data/grasp-anything-lgd/data/processed/grasp-anything-pp/grasp_label_positive/grasp_label_positive/b82314371d1110e523ef34bc2fec7650a40796d7377d45601dbbec55e6902b70_1_2.pt	5x6	0.088037	257.906189	Pick up ball by its bounce.	27
afdd84bcf9b03ca7ce9bdf0372a87e7aafb24d0e069ec09dd314e4ad1adb1779_0_2	afdd84bcf9b03ca7ce9bdf0372a87e7aafb24d0e069ec09dd314e4ad1adb1779	0	2	/mnt/data/grasp-anything-lgd/data/processed/grasp-anything-pp/grasp_instructions/grasp_instructions/afdd84bcf9b03ca7ce9bdf0372a87e7aafb24d0e069ec09dd314e4ad1adb1779_0_2.pkl	/mnt/data/grasp-anything-lgd/data/processed/grasp-anything-pp/grasp_label_positive/grasp_label_positive/afdd84bcf9b03ca7ce9bdf0372a87e7aafb24d0e069ec09dd314e4ad1adb1779_0_2.pt	4x6	0.075397	370.58194	Lift ball by its bounce.	24
34fd9b7dea6cbd7f0c51354cc1d37a34cbd220fba58ae5eb7f09d534edaaa281_1_0	34fd9b7dea6cbd7f0c51354cc1d37a34cbd220fba58ae5eb7f09d534edaaa281	1	0	/mnt/data/grasp-anything-lgd/data/processed/grasp-anything-pp/grasp_instructions/grasp_instructions/34fd9b7dea6cbd7f0c51354cc1d37a34cbd220fba58ae5eb7f09d534edaaa281_1_0.pkl	/mnt/data/grasp-anything-lgd/data/processed/grasp-anything-pp/grasp_label_positive/grasp_label_positive/34fd9b7dea6cbd7f0c51354cc1d37a34cbd220fba58ae5eb7f09d534edaaa281_1_0.pt	10x6	0.03407	371.108826	Lift pen by its barrel.	23
d0e8ae332d383dc846eda5c7a0a122acff7d135d7fcf449ea7f5914d3534dcb5_0_2	d0e8ae332d383dc846eda5c7a0a122acff7d135d7fcf449ea7f5914d3534dcb5	0	2	/mnt/data/grasp-anything-lgd/data/processed/grasp-anything-pp/grasp_instructions/grasp_instructions/d0e8ae332d383dc846eda5c7a0a122acff7d135d7fcf449ea7f5914d3534dcb5_0_2.pkl	/mnt/data/grasp-anything-lgd/data/processed/grasp-anything-pp/grasp_label_positive/grasp_label_positive/d0e8ae332d383dc846eda5c7a0a122acff7d135d7fcf449ea7f5914d3534dcb5_0_2.pt	10x6	0.019306	368.528107	Lift eraser by its texture.	27
cf98b8f923dcf55582ea2b9b3f282aa4bf764bfe304b17880fb2595798d43d97_0_3	cf98b8f923dcf55582ea2b9b3f282aa4bf764bfe304b17880fb2595798d43d97	0	3	/mnt/data/grasp-anything-lgd/data/processed/grasp-anything-pp/grasp_instructions/grasp_instructions/cf98b8f923dcf55582ea2b9b3f282aa4bf764bfe304b17880fb2595798d43d97_0_3.pkl	/mnt/data/grasp-anything-lgd/data/processed/grasp-anything-pp/grasp_label_positive/grasp_label_positive/cf98b8f923dcf55582ea2b9b3f282aa4bf764bfe304b17880fb2595798d43d97_0_3.pt	3x6	0.013976	293.580353	Grab apple on its stem.	23
1f471d23c19b0bd57934104a7f261f9d0a9895f50b62509168d1222633bc597c_0_0	1f471d23c19b0bd57934104a7f261f9d0a9895f50b62509168d1222633bc597c	0	0	/mnt/data/grasp-anything-lgd/data/processed/grasp-anything-pp/grasp_instructions/grasp_instructions/1f471d23c19b0bd57934104a7f261f9d0a9895f50b62509168d1222633bc597c_0_0.pkl	/mnt/data/grasp-anything-lgd/data/processed/grasp-anything-pp/grasp_label_positive/grasp_label_positive/1f471d23c19b0bd57934104a7f261f9d0a9895f50b62509168d1222633bc597c_0_0.pt	4x6	0.064929	204.238159	Fetch apple by its skin.	24
8b966e0ad236be0c548f20ee7412e3fe7802d093a568dc5a8800ce6e13ad2c72_0_1	8b966e0ad236be0c548f20ee7412e3fe7802d093a568dc5a8800ce6e13ad2c72	0	1	/mnt/data/grasp-anything-lgd/data/processed/grasp-anything-pp/grasp_instructions/grasp_instructions/8b966e0ad236be0c548f20ee7412e3fe7802d093a568dc5a8800ce6e13ad2c72_0_1.pkl	/mnt/data/grasp-anything-lgd/data/processed/grasp-anything-pp/grasp_label_positive/grasp_label_positive/8b966e0ad236be0c548f20ee7412e3fe7802d093a568dc5a8800ce6e13ad2c72_0_1.pt	10x6	0.030279	385.404907	Grab key on its notches.	24
3bb1d63a66f6557cd8d937175e18e3d7fbd6e3e2db2e90f14f05c025ed8ab145_0_0	3bb1d63a66f6557cd8d937175e18e3d7fbd6e3e2db2e90f14f05c025ed8ab145	0	0	/mnt/data/grasp-anything-lgd/data/processed/grasp-anything-pp/grasp_instructions/grasp_instructions/3bb1d63a66f6557cd8d937175e18e3d7fbd6e3e2db2e90f14f05c025ed8ab145_0_0.pkl	/mnt/data/grasp-anything-lgd/data/processed/grasp-anything-pp/grasp_label_positive/grasp_label_positive/3bb1d63a66f6557cd8d937175e18e3d7fbd6e3e2db2e90f14f05c025ed8ab145_0_0.pt	5x6	0.011776	359.795349	Take hold of hairbrush on its bristles.	39
c2d40d59eb22deb726bdc15cb36c4e34652c64c6ce1383c5852861e1ddf87a4d_1_2	c2d40d59eb22deb726bdc15cb36c4e34652c64c6ce1383c5852861e1ddf87a4d	1	2	/mnt/data/grasp-anything-lgd/data/processed/grasp-anything-pp/grasp_instructions/grasp_instructions/c2d40d59eb22deb726bdc15cb36c4e34652c64c6ce1383c5852861e1ddf87a4d_1_2.pkl	/mnt/data/grasp-anything-lgd/data/processed/grasp-anything-pp/grasp_label_positive/grasp_label_positive/c2d40d59eb22deb726bdc15cb36c4e34652c64c6ce1383c5852861e1ddf87a4d_1_2.pt	25x6	0.009804	356.276367	Lift fork by its prongs.	24
f0cd1c08e78a6bb98c42f9a6b8aa39eb624395568db28ebcdbc11a95c4181813_0_2	f0cd1c08e78a6bb98c42f9a6b8aa39eb624395568db28ebcdbc11a95c4181813	0	2	/mnt/data/grasp-anything-lgd/data/processed/grasp-anything-pp/grasp_instructions/grasp_instructions/f0cd1c08e78a6bb98c42f9a6b8aa39eb624395568db28ebcdbc11a95c4181813_0_2.pkl	/mnt/data/grasp-anything-lgd/data/processed/grasp-anything-pp/grasp_label_positive/grasp_label_positive/f0cd1c08e78a6bb98c42f9a6b8aa39eb624395568db28ebcdbc11a95c4181813_0_2.pt	23x6	0.012378	368.865326	Fetch spoon by its handle.	26
5cee09ab953cd2e4400f267c7b818a5c6e919ea17a77236a7b581814bb82d177_1_0	5cee09ab953cd2e4400f267c7b818a5c6e919ea17a77236a7b581814bb82d177	1	0	/mnt/data/grasp-anything-lgd/data/processed/grasp-anything-pp/grasp_instructions/grasp_instructions/5cee09ab953cd2e4400f267c7b818a5c6e919ea17a77236a7b581814bb82d177_1_0.pkl	/mnt/data/grasp-anything-lgd/data/processed/grasp-anything-pp/grasp_label_positive/grasp_label_positive/5cee09ab953cd2e4400f267c7b818a5c6e919ea17a77236a7b581814bb82d177_1_0.pt	9x6	0.080695	176.482193	Grab lime on its skin.	22
c0e56550586454c9354164ec20b0fc94036b3249c02a317e5656c3f479832105_0_2	c0e56550586454c9354164ec20b0fc94036b3249c02a317e5656c3f479832105	0	2	/mnt/data/grasp-anything-lgd/data/processed/grasp-anything-pp/grasp_instructions/grasp_instructions/c0e56550586454c9354164ec20b0fc94036b3249c02a317e5656c3f479832105_0_2.pkl	/mnt/data/grasp-anything-lgd/data/processed/grasp-anything-pp/grasp_label_positive/grasp_label_positive/c0e56550586454c9354164ec20b0fc94036b3249c02a317e5656c3f479832105_0_2.pt	1x6	1.531052	197.479492	Pick up marker by its cap.	26
6f2587200111dd03758396bc68da3e3c4829f520339152e09a411be5dd84c502_0_2	6f2587200111dd03758396bc68da3e3c4829f520339152e09a411be5dd84c502	0	2	/mnt/data/grasp-anything-lgd/data/processed/grasp-anything-pp/grasp_instructions/grasp_instructions/6f2587200111dd03758396bc68da3e3c4829f520339152e09a411be5dd84c502_0_2.pkl	/mnt/data/grasp-anything-lgd/data/processed/grasp-anything-pp/grasp_label_positive/grasp_label_positive/6f2587200111dd03758396bc68da3e3c4829f520339152e09a411be5dd84c502_0_2.pt	18x6	0.013572	264.382507	Grab spoon on its handle.	25
